 ,Image,Region,Area-B,Area-G,Mean-B,Mean-G,IntDen-B,IntDen-G
1,01-DAPI-1-40x-402ms.tif,NBL,0.0489,0.0489,93.0466,0.7605,4.5534,0.0372
2,01-DAPI-1-40x-402ms.tif,NBL,0.0154,0.0154,65.007,1.4577,1.0016,0.0225
3,01-DAPI-1-40x-402ms.tif,NBL,0.0182,0.0182,68.7024,1.375,1.2524,0.0251
4,01-DAPI-1-40x-402ms.tif,NBL,0.0296,0.0296,92.1722,1.5385,2.7304,0.0456
5,01-DAPI-1-40x-402ms.tif,NBL,0.0104,0.0104,109.4479,2.2708,1.1401,0.0237
6,01-DAPI-1-40x-402ms.tif,NBL,0.0214,0.0214,85.7157,2.6041,1.8322,0.0557
7,01-DAPI-1-40x-402ms.tif,NBL,0.0112,0.0112,92.3786,1.301,1.0324,0.0145
8,01-DAPI-1-40x-402ms.tif,NBL,0.0297,0.0297,67.9489,0.9015,2.0202,0.0268
9,01-DAPI-1-40x-402ms.tif,NBL,0.0055,0.0055,57.1373,3.0588,0.3162,0.0169
10,01-DAPI-1-40x-402ms.tif,NBL,0.0264,0.0264,35.3457,2.8683,0.932,0.0756
11,01-DAPI-1-40x-402ms.tif,NBL,0.0224,0.0224,75.7524,0.9175,1.6933,0.0205
12,01-DAPI-1-40x-402ms.tif,NBL,0.0224,0.0224,62.2573,2.1068,1.3916,0.0471
13,01-DAPI-1-40x-402ms.tif,NBL,0.0155,0.0155,89.049,0.951,1.3817,0.0148
14,01-DAPI-1-40x-402ms.tif,NBL,0.029,0.029,66.7491,1.5094,1.9338,0.0437
15,01-DAPI-1-40x-402ms.tif,NBL,0.016,0.016,47.585,1.5782,0.759,0.0252
16,01-DAPI-1-40x-402ms.tif,NBL,0.0468,0.0468,72.2042,1.181,3.3767,0.0552
17,01-DAPI-1-40x-402ms.tif,NBL,0.0588,0.0588,51.5351,0.893,3.0308,0.0525
18,01-DAPI-1-40x-402ms.tif,NBL,0.0405,0.0405,36.1367,0.5979,1.4626,0.0242
19,01-DAPI-1-40x-402ms.tif,NBL,0.0703,0.0703,53.1744,1.0108,3.7388,0.0711
20,01-DAPI-1-40x-402ms.tif,NBL,0.0765,0.0765,54.2908,0.8809,4.1531,0.0674
21,01-DAPI-1-40x-402ms.tif,NBL,0.0279,0.0279,52.6809,0.5447,1.4691,0.0152
22,01-DAPI-1-40x-402ms.tif,NBL,0.0936,0.0936,30.2746,0.5724,2.835,0.0536
23,01-DAPI-1-40x-402ms.tif,NBL,0.0645,0.0645,43.83,0.9478,2.825,0.0611
24,01-DAPI-1-40x-402ms.tif,NBL,0.0363,0.0363,56.1552,0.6806,2.0412,0.0247
25,01-DAPI-1-40x-402ms.tif,NBL,0.017,0.017,37.707,1.8854,0.6424,0.0321
26,01-DAPI-1-40x-402ms.tif,NBL,0.0512,0.0512,49.3347,0.8411,2.5267,0.0431
27,01-DAPI-1-40x-402ms.tif,NBL,0.0677,0.0677,31.1987,0.2965,2.1124,0.0201
28,01-DAPI-1-40x-402ms.tif,NBL,0.0544,0.0544,66.2794,0.5888,3.6031,0.032
29,01-DAPI-1-40x-402ms.tif,NBL,0.1868,0.1868,16.1556,0.2015,3.0187,0.0377
30,01-DAPI-1-40x-402ms.tif,NBL,0.0334,0.0334,49.3994,0.4221,1.6509,0.0141
31,01-DAPI-1-40x-402ms.tif,NBL,0.0672,0.0672,52.3716,0.5897,3.5176,0.0396
32,01-DAPI-1-40x-402ms.tif,NBL,0.1383,0.1383,25.7427,0.7224,3.5614,0.0999
33,01-DAPI-1-40x-402ms.tif,NBL,0.0584,0.0584,36.5911,0.8086,2.1361,0.0472
34,01-DAPI-1-40x-402ms.tif,NBL,0.0671,0.0671,33.8592,1.0761,2.2705,0.0722
35,01-DAPI-1-40x-402ms.tif,NBL,0.0519,0.0519,58.5732,0.9644,3.038,0.05
36,01-DAPI-1-40x-402ms.tif,NBL,0.0447,0.0447,39.0534,1.0971,1.7459,0.049
37,01-DAPI-1-40x-402ms.tif,NBL,0.0876,0.0876,32.6803,0.7646,2.8617,0.0669
38,01-DAPI-1-40x-402ms.tif,NBL,0.0613,0.0613,42.3929,0.9257,2.599,0.0567
39,01-DAPI-1-40x-402ms.tif,NBL,0.0312,0.0312,54.0139,0.7014,1.6879,0.0219
40,01-DAPI-1-40x-402ms.tif,NBL,0.0808,0.0808,32.2322,0.4188,2.6056,0.0339
41,01-DAPI-1-40x-402ms.tif,NBL,0.0378,0.0378,51.704,0.6868,1.9524,0.0259
42,01-DAPI-1-40x-402ms.tif,NBL,0.0834,0.0834,35.7009,0.8322,2.9789,0.0694
43,01-DAPI-1-40x-402ms.tif,NBL,0.0319,0.0319,58.5816,0.9014,1.8688,0.0288
44,01-DAPI-1-40x-402ms.tif,NBL,0.0727,0.0727,25.4269,0.4403,1.8485,0.032
45,01-DAPI-1-40x-402ms.tif,NBL,0.0443,0.0443,63.4069,0.7181,2.8071,0.0318
46,01-DAPI-1-40x-402ms.tif,NBL,0.0303,0.0303,53.8029,0.8638,1.6288,0.0262
47,01-DAPI-1-40x-402ms.tif,NBL,0.0496,0.0496,55.2188,0.8818,2.7382,0.0437
48,01-DAPI-1-40x-402ms.tif,NBL,0.135,0.135,31.1495,0.3794,4.2046,0.0512
49,01-DAPI-1-40x-402ms.tif,NBL,0.0715,0.0715,58.6874,0.4886,4.1965,0.0349
50,01-DAPI-1-40x-402ms.tif,NBL,0.1024,0.1024,60.1303,0.3475,6.1592,0.0356
51,01-DAPI-1-40x-402ms.tif,NBL,0.0737,0.0737,47.6112,0.2121,3.5078,0.0156
52,01-DAPI-1-40x-402ms.tif,NBL,0.0581,0.0581,67.6766,0.2822,3.9287,0.0164
53,01-DAPI-1-40x-402ms.tif,NBL,0.0686,0.0686,49.9446,1.7326,3.425,0.1188
54,01-DAPI-1-40x-402ms.tif,NBL,0.0596,0.0596,50.306,0.6503,2.9967,0.0387
55,01-DAPI-1-40x-402ms.tif,NBL,0.0825,0.0825,44.5118,0.1882,3.6707,0.0155
56,01-DAPI-1-40x-402ms.tif,NBL,0.0293,0.0293,67.7926,0.3815,1.9861,0.0112
57,01-DAPI-1-40x-402ms.tif,NBL,0.0305,0.0305,68.1103,0.7509,2.0767,0.0229
58,01-DAPI-1-40x-402ms.tif,NBL,0.057,0.057,78.899,0.7714,4.4946,0.0439
59,01-DAPI-1-40x-402ms.tif,NBL,0.0484,0.0484,52.5852,0.9552,2.5448,0.0462
60,01-DAPI-1-40x-402ms.tif,NBL,0.0535,0.0535,76.7444,0.6552,4.1054,0.035
61,01-DAPI-1-40x-402ms.tif,NBL,0.1038,0.1038,65.2257,0.604,6.7731,0.0627
62,01-DAPI-1-40x-402ms.tif,NBL,0.0567,0.0567,66.0478,0.5908,3.7482,0.0335
63,01-DAPI-1-40x-402ms.tif,NBL,0.0481,0.0481,65.5892,0.7946,3.1528,0.0382
64,01-DAPI-1-40x-402ms.tif,NBL,0.0833,0.0833,71.4349,1.2812,5.9529,0.1068
65,01-DAPI-1-40x-402ms.tif,NBL,0.0709,0.0709,77.2848,1.2711,5.476,0.0901
66,01-DAPI-1-40x-402ms.tif,NBL,0.0575,0.0575,57.7623,1.0585,3.3218,0.0609
67,01-DAPI-1-40x-402ms.tif,NBL,0.0734,0.0734,38.4497,1.0488,2.8203,0.0769
68,01-DAPI-1-40x-402ms.tif,NBL,0.1106,0.1106,54.1187,0.2571,5.9838,0.0284
69,01-DAPI-1-40x-402ms.tif,NBL,0.0799,0.0799,50.5299,0.4864,4.0354,0.0388
70,01-DAPI-1-40x-402ms.tif,NBL,0.1132,0.1132,49.7699,0.4008,5.6326,0.0454
71,01-DAPI-1-40x-402ms.tif,NBL,0.0354,0.0354,52.8374,0.3988,1.869,0.0141
72,01-DAPI-1-40x-402ms.tif,NBL,0.0648,0.0648,59.3819,0.3518,3.8467,0.0228
73,01-DAPI-1-40x-402ms.tif,NBL,0.0444,0.0444,69.7555,0.5012,3.0957,0.0222
74,01-DAPI-1-40x-402ms.tif,NBL,0.0394,0.0394,57.2176,0.1983,2.2537,0.0078
75,01-DAPI-1-40x-402ms.tif,NBL,0.0479,0.0479,52.9932,0.1678,2.5358,0.008
76,01-DAPI-1-40x-402ms.tif,NBL,0.0686,0.0686,53.7041,0.4098,3.6828,0.0281
77,01-DAPI-1-40x-402ms.tif,NBL,0.0312,0.0312,71.7118,0.7396,2.241,0.0231
78,01-DAPI-1-40x-402ms.tif,NBL,0.1079,0.1079,36.2555,0.4074,3.9104,0.0439
79,01-DAPI-1-40x-402ms.tif,NBL,0.0724,0.0724,61.9925,0.7616,4.4867,0.0551
80,01-DAPI-1-40x-402ms.tif,NBL,0.0677,0.0677,74.2997,0.6554,5.0307,0.0444
81,01-DAPI-1-40x-402ms.tif,NBL,0.0711,0.0711,49.5176,0.7191,3.5193,0.0511
82,01-DAPI-1-40x-402ms.tif,NBL,0.0629,0.0629,75.8138,0.6862,4.7713,0.0432
83,01-DAPI-1-40x-402ms.tif,NBL,0.0518,0.0518,67.1782,0.7296,3.477,0.0378
84,01-DAPI-1-40x-402ms.tif,NBL,0.052,0.052,82.5616,0.7766,4.2911,0.0404
85,01-DAPI-1-40x-402ms.tif,NBL,0.1112,0.1112,24.7707,0.4556,2.755,0.0507
86,01-DAPI-1-40x-402ms.tif,NBL,0.0652,0.0652,78.1265,0.975,5.0948,0.0636
87,01-DAPI-1-40x-402ms.tif,NBL,0.0341,0.0341,78.4618,0.8439,2.6733,0.0288
88,01-DAPI-1-40x-402ms.tif,NBL,0.0652,0.0652,68.2496,0.8802,4.4507,0.0574
89,01-DAPI-1-40x-402ms.tif,NBL,0.0292,0.0292,56.4424,0.9814,1.6475,0.0286
90,01-DAPI-1-40x-402ms.tif,NBL,0.041,0.041,61.246,0.8413,2.512,0.0345
91,01-DAPI-1-40x-402ms.tif,NBL,0.065,0.065,58.3272,1.0234,3.791,0.0665
92,01-DAPI-1-40x-402ms.tif,NBL,0.1017,0.1017,65.1505,1.4109,6.6239,0.1434
93,01-DAPI-1-40x-402ms.tif,NBL,0.0681,0.0681,90.9745,1.5414,6.1992,0.105
94,01-DAPI-1-40x-402ms.tif,NBL,0.083,0.083,45.0065,0.3373,3.7359,0.028
95,01-DAPI-1-40x-402ms.tif,NBL,0.053,0.053,52.9016,0.0676,2.8012,0.0036
96,01-DAPI-1-40x-402ms.tif,NBL,0.0291,0.0291,80.6567,1.0336,2.3455,0.0301
97,01-DAPI-1-40x-402ms.tif,NBL,0.0496,0.0496,80.4179,1.2888,3.9877,0.0639
98,01-DAPI-1-40x-402ms.tif,NBL,0.0374,0.0374,78.5333,0.7797,2.9399,0.0292
99,01-DAPI-1-40x-402ms.tif,NBL,0.0328,0.0328,46.8245,1.0397,1.5344,0.0341
100,01-DAPI-1-40x-402ms.tif,NBL,0.033,0.033,55.3454,0.9671,1.8256,0.0319
101,01-DAPI-1-40x-402ms.tif,NBL,0.0144,0.0144,70.0977,1.0526,1.0116,0.0152
102,01-DAPI-1-40x-402ms.tif,NBL,0.0207,0.0207,58.7644,0.9791,1.2179,0.0203
103,01-DAPI-1-40x-402ms.tif,NBL,0.0349,0.0349,88.4441,1.0776,3.0902,0.0377
104,01-DAPI-1-40x-402ms.tif,NBL,0.0276,0.0276,100.7205,1.4882,2.7759,0.041
105,01-DAPI-1-40x-402ms.tif,NBL,0.0442,0.0442,55.8575,1.2998,2.4668,0.0574
106,01-DAPI-1-40x-402ms.tif,NBL,0.039,0.039,51.8301,0.727,2.019,0.0283
107,01-DAPI-1-40x-402ms.tif,NBL,0.0488,0.0488,58.4467,1,2.8538,0.0488
108,01-DAPI-1-40x-402ms.tif,NBL,0.0393,0.0393,63.8978,1.1326,2.5099,0.0445
109,01-DAPI-1-40x-402ms.tif,NBL,0.0405,0.0405,73.5416,1.3217,2.9765,0.0535
110,01-DAPI-1-40x-402ms.tif,NBL,0.0205,0.0205,86.2222,1.2646,1.7682,0.0259
111,01-DAPI-1-40x-402ms.tif,NBL,0.0247,0.0247,71.1754,0.7763,1.7609,0.0192
112,01-DAPI-1-40x-402ms.tif,NBL,0.0213,0.0213,57.7449,1.0918,1.2281,0.0232
113,01-DAPI-1-40x-402ms.tif,NBL,0.0965,0.0965,39.73,1.4409,3.8325,0.139
114,01-DAPI-1-40x-402ms.tif,NBL,0.0264,0.0264,74.0535,1.3951,1.9526,0.0368
115,01-DAPI-1-40x-402ms.tif,NBL,0.0477,0.0477,75.2,1.3364,3.5903,0.0638
116,01-DAPI-1-40x-402ms.tif,NBL,0.0405,0.0405,83.6542,1.059,3.3857,0.0429
117,01-DAPI-1-40x-402ms.tif,NBL,0.0648,0.0648,73.4841,1.2797,4.7602,0.0829
118,01-DAPI-1-40x-402ms.tif,NBL,0.0547,0.0547,64.8274,1.0298,3.5452,0.0563
119,01-DAPI-1-40x-402ms.tif,NBL,0.0745,0.0745,86.5575,1.4978,6.4524,0.1117
120,01-DAPI-1-40x-402ms.tif,NBL,0.0291,0.0291,81.4701,1.153,2.3691,0.0335
121,01-DAPI-1-40x-402ms.tif,NBL,0.0229,0.0229,128.5071,2.0616,2.9422,0.0472
122,01-DAPI-1-40x-402ms.tif,NBL,0.0157,0.0157,129.6345,2.0552,2.0396,0.0323
123,01-DAPI-1-40x-402ms.tif,NBL,0.0353,0.0353,93.2492,1.2769,3.2884,0.045
124,01-DAPI-1-40x-402ms.tif,NBL,0.0407,0.0407,87.8907,1.2853,3.5763,0.0523
125,01-DAPI-1-40x-402ms.tif,NBL,0.0632,0.0632,75.5206,1.5189,4.7692,0.0959
126,01-DAPI-1-40x-402ms.tif,NBL,0.0248,0.0248,64.5415,1.3057,1.6037,0.0324
127,01-DAPI-1-40x-402ms.tif,NBL,0.0612,0.0612,65.9415,1,4.0355,0.0612
128,01-DAPI-1-40x-402ms.tif,NBL,0.0785,0.0785,71.8423,1.1355,5.6361,0.0891
129,01-DAPI-1-40x-402ms.tif,NBL,0.0628,0.0628,61.7997,1.1485,3.8826,0.0722
130,01-DAPI-1-40x-402ms.tif,NBL,0.0365,0.0365,79.5893,1.5208,2.9017,0.0554
131,01-DAPI-1-40x-402ms.tif,NBL,0.0677,0.0677,84.3029,1.7468,5.708,0.1183
132,01-DAPI-1-40x-402ms.tif,NBL,0.0559,0.0559,79.4641,1.332,4.4405,0.0744
133,01-DAPI-1-40x-402ms.tif,NBL,0.0534,0.0534,75.8984,1.3191,4.0519,0.0704
134,01-DAPI-1-40x-402ms.tif,NBL,0.0843,0.0843,53.4569,0.5894,4.5069,0.0497
135,01-DAPI-1-40x-402ms.tif,NBL,0.0669,0.0669,82.4376,0.6872,5.5191,0.046
136,01-DAPI-1-40x-402ms.tif,NBL,0.0399,0.0399,69.0707,0.6196,2.758,0.0247
137,01-DAPI-1-40x-402ms.tif,NBL,0.0757,0.0757,50.149,0.4799,3.7982,0.0363
138,01-DAPI-1-40x-402ms.tif,NBL,0.0344,0.0344,87.4069,0.6782,3.0065,0.0233
139,01-DAPI-1-40x-402ms.tif,NBL,0.0472,0.0472,55.9425,0.3149,2.6405,0.0149
140,01-DAPI-1-40x-402ms.tif,NBL,0.0518,0.0518,64.9748,0.6834,3.363,0.0354
141,01-DAPI-1-40x-402ms.tif,NBL,0.0417,0.0417,58.0729,0.5417,2.4197,0.0226
142,01-DAPI-1-40x-402ms.tif,NBL,0.0202,0.0202,66.5591,0.7151,1.3433,0.0144
143,01-DAPI-1-40x-402ms.tif,NBL,0.0312,0.0312,45.5729,0.6215,1.4242,0.0194
144,01-DAPI-1-40x-402ms.tif,NBL,0.0194,0.0194,61.0447,0.5866,1.1857,0.0114
145,01-DAPI-1-40x-402ms.tif,NBL,0.0474,0.0474,86.3066,0.6041,4.0924,0.0286
146,01-DAPI-1-40x-402ms.tif,NBL,0.0298,0.0298,73.2,0.7236,2.1842,0.0216
147,01-DAPI-1-40x-402ms.tif,NBL,0.0362,0.0362,64.7904,0.6377,2.3481,0.0231
148,01-DAPI-1-40x-402ms.tif,NBL,0.0592,0.0592,83.4231,0.652,4.9424,0.0386
149,01-DAPI-1-40x-402ms.tif,NBL,0.0742,0.0742,82.4254,1.2515,6.1175,0.0929
150,01-DAPI-1-40x-402ms.tif,NBL,0.0488,0.0488,88.4889,1.1333,4.3207,0.0553
151,01-DAPI-1-40x-402ms.tif,NBL,0.0424,0.0424,59.8593,1.1407,2.5396,0.0484
152,01-DAPI-1-40x-402ms.tif,NBL,0.0451,0.0451,62.0337,0.8942,2.8001,0.0404
153,01-DAPI-1-40x-402ms.tif,NBL,0.0369,0.0369,100.6706,1.1029,3.714,0.0407
154,01-DAPI-1-40x-402ms.tif,NBL,0.0477,0.0477,49.9773,1.2523,2.3861,0.0598
155,01-DAPI-1-40x-402ms.tif,NBL,0.0455,0.0455,59.4988,0.3986,2.7051,0.0181
156,01-DAPI-1-40x-402ms.tif,NBL,0.0483,0.0483,42.791,0.3101,2.0662,0.015
157,01-DAPI-1-40x-402ms.tif,NBL,0.0971,0.0971,39.7788,0.619,3.8631,0.0601
158,01-DAPI-1-40x-402ms.tif,NBL,0.0816,0.0816,42.9521,0.4947,3.5048,0.0404
159,01-DAPI-1-40x-402ms.tif,NBL,0.1035,0.1035,23.9759,0.5419,2.4819,0.0561
160,01-DAPI-1-40x-402ms.tif,NBL,0.0314,0.0314,48.0554,1.1592,1.5069,0.0363
161,01-DAPI-1-40x-402ms.tif,NBL,0.0336,0.0336,64.0194,1.1774,2.1534,0.0396
162,01-DAPI-1-40x-402ms.tif,NBL,0.0382,0.0382,67.4972,1.0795,2.578,0.0412
163,01-DAPI-1-40x-402ms.tif,NBL,0.0429,0.0429,66.9418,1.0278,2.8691,0.0441
164,01-DAPI-1-40x-402ms.tif,NBL,0.0403,0.0403,37.7008,0.8113,1.5177,0.0327
165,01-DAPI-1-40x-402ms.tif,NBL,0.0798,0.0798,33.8286,1.0789,2.6979,0.086
166,01-DAPI-1-40x-402ms.tif,NBL,0.0697,0.0697,64.4003,1.0047,4.4862,0.07
167,01-DAPI-1-40x-402ms.tif,NBL,0.0414,0.0414,51.9188,0.856,2.152,0.0355
168,01-DAPI-1-40x-402ms.tif,NBL,0.0405,0.0405,58.3646,0.9651,2.3622,0.0391
169,01-DAPI-1-40x-402ms.tif,NBL,0.034,0.034,54.2173,0.8179,1.8414,0.0278
170,01-DAPI-1-40x-402ms.tif,NBL,0.0233,0.0233,68.3628,0.7488,1.5948,0.0175
171,01-DAPI-1-40x-402ms.tif,NBL,0.018,0.018,63.0301,0.8554,1.1353,0.0154
172,01-DAPI-1-40x-402ms.tif,NBL,0.0439,0.0439,54.9358,0.9185,2.4142,0.0404
173,01-DAPI-1-40x-402ms.tif,NBL,0.0312,0.0312,41.1354,0.9583,1.2855,0.0299
174,01-DAPI-1-40x-402ms.tif,NBL,0.0217,0.0217,75.335,1.475,1.6349,0.032
175,01-DAPI-1-40x-402ms.tif,NBL,0.0562,0.0562,69.3707,1.5367,3.8991,0.0864
176,01-DAPI-1-40x-402ms.tif,NBL,0.0791,0.0791,86.7929,1.5418,6.8655,0.122
177,01-DAPI-1-40x-402ms.tif,NBL,0.0447,0.0447,71.1044,0.6699,3.1787,0.0299
178,01-DAPI-1-40x-402ms.tif,NBL,0.0428,0.0428,65.2919,0.6193,2.7913,0.0265
179,01-DAPI-1-40x-402ms.tif,NBL,0.0309,0.0309,56.9965,0.6386,1.7626,0.0197
180,01-DAPI-1-40x-402ms.tif,NBL,0.01,0.01,38.9239,0.7609,0.3886,0.0076
181,01-DAPI-1-40x-402ms.tif,NBL,0.0396,0.0396,39.8548,1.211,1.5785,0.048
182,01-DAPI-1-40x-402ms.tif,NBL,0.0228,0.0228,42.3095,1.2095,0.9641,0.0276
183,02-DAPI-1-40x-402ms.tif,NBL,0.0852,0.0852,44.5338,0.0637,3.7933,0.0054
184,02-DAPI-1-40x-402ms.tif,NBL,0.0956,0.0956,57.9694,0.235,5.5416,0.0225
185,02-DAPI-1-40x-402ms.tif,NBL,0.0388,0.0388,42.257,0.2961,1.6415,0.0115
186,02-DAPI-1-40x-402ms.tif,NBL,0.0438,0.0438,61.6559,0.4678,2.7028,0.0205
187,02-DAPI-1-40x-402ms.tif,NBL,0.13,0.13,51.8957,0.3022,6.746,0.0393
188,02-DAPI-1-40x-402ms.tif,NBL,0.1126,0.1126,40.8362,0.1657,4.5994,0.0187
189,02-DAPI-1-40x-402ms.tif,NBL,0.0674,0.0674,45.475,0.1014,3.0642,0.0068
190,02-DAPI-1-40x-402ms.tif,NBL,0.0715,0.0715,45.3672,0.0653,3.244,0.0047
191,02-DAPI-1-40x-402ms.tif,NBL,0.1128,0.1128,40.6731,0.1413,4.5898,0.016
192,02-DAPI-1-40x-402ms.tif,NBL,0.0667,0.0667,51.2829,0.2976,3.4222,0.0199
193,02-DAPI-1-40x-402ms.tif,NBL,0.0383,0.0383,85.3456,0.5637,3.269,0.0216
194,02-DAPI-1-40x-402ms.tif,NBL,0.0407,0.0407,52.0693,0.336,2.1187,0.0137
195,02-DAPI-1-40x-402ms.tif,NBL,0.1459,0.1459,28.4327,0.2558,4.1495,0.0373
196,02-DAPI-1-40x-402ms.tif,NBL,0.0418,0.0418,45.8883,0.2649,1.917,0.0111
197,02-DAPI-1-40x-402ms.tif,NBL,0.0419,0.0419,38.9301,0.4404,1.6305,0.0184
198,02-DAPI-1-40x-402ms.tif,NBL,0.0331,0.0331,54.318,0.6098,1.7976,0.0202
199,02-DAPI-1-40x-402ms.tif,NBL,0.1691,0.1691,11.7664,0.2529,1.9891,0.0428
200,02-DAPI-1-40x-402ms.tif,NBL,0.1093,0.1093,28.569,0.4091,3.1216,0.0447
201,02-DAPI-1-40x-402ms.tif,NBL,0.0516,0.0516,66.4853,0.5147,3.4339,0.0266
202,02-DAPI-1-40x-402ms.tif,NBL,0.1034,0.1034,55.9664,0.5173,5.7873,0.0535
203,02-DAPI-1-40x-402ms.tif,NBL,0.1106,0.1106,24.8224,0.366,2.7446,0.0405
204,02-DAPI-1-40x-402ms.tif,NBL,0.1573,0.1573,22.429,0.509,3.5289,0.0801
205,02-DAPI-1-40x-402ms.tif,NBL,0.0494,0.0494,42.3033,0.756,2.0885,0.0373
206,02-DAPI-1-40x-402ms.tif,NBL,0.1738,0.1738,16.4332,0.3677,2.8566,0.0639
207,02-DAPI-1-40x-402ms.tif,NBL,0.0385,0.0385,58.7268,0.6507,2.2622,0.0251
208,02-DAPI-1-40x-402ms.tif,NBL,0.1704,0.1704,13.6904,0.249,2.3322,0.0424
209,02-DAPI-1-40x-402ms.tif,NBL,0.0401,0.0401,33.2541,0.6703,1.3351,0.0269
210,02-DAPI-1-40x-402ms.tif,NBL,0.1115,0.1115,29.8016,0.6031,3.3242,0.0673
211,02-DAPI-1-40x-402ms.tif,NBL,0.0704,0.0704,33.9414,0.624,2.3902,0.0439
212,02-DAPI-1-40x-402ms.tif,NBL,0.14,0.14,59.5837,0.7147,8.3402,0.1
213,02-DAPI-1-40x-402ms.tif,NBL,0.0618,0.0618,68.8018,0.8561,4.2553,0.053
214,02-DAPI-1-40x-402ms.tif,NBL,0.1653,0.1653,23.2068,0.392,3.8351,0.0648
215,02-DAPI-1-40x-402ms.tif,NBL,0.117,0.117,42.5158,0.577,4.9731,0.0675
216,02-DAPI-1-40x-402ms.tif,NBL,0.2003,0.2003,10.8391,0.1793,2.1711,0.0359
217,02-DAPI-1-40x-402ms.tif,NBL,0.0666,0.0666,39.4397,0.4414,2.6276,0.0294
218,02-DAPI-1-40x-402ms.tif,NBL,0.0474,0.0474,42.8398,0.2082,2.0314,0.0099
219,02-DAPI-1-40x-402ms.tif,NBL,0.0342,0.0342,66.7619,0.7111,2.2819,0.0243
220,02-DAPI-1-40x-402ms.tif,NBL,0.0762,0.0762,29.7564,0.4245,2.2666,0.0323
221,02-DAPI-1-40x-402ms.tif,NBL,0.0276,0.0276,78.1535,0.6654,2.154,0.0183
222,02-DAPI-1-40x-402ms.tif,NBL,0.0533,0.0533,43.8982,0.5458,2.3388,0.0291
223,02-DAPI-1-40x-402ms.tif,NBL,0.0869,0.0869,63.7441,0.8102,5.5403,0.0704
224,02-DAPI-1-40x-402ms.tif,NBL,0.0423,0.0423,95.8179,0.8154,4.0548,0.0345
225,02-DAPI-1-40x-402ms.tif,NBL,0.0545,0.0545,46.0717,0.5717,2.5095,0.0311
226,02-DAPI-1-40x-402ms.tif,NBL,0.0646,0.0646,47.1059,0.7714,3.0412,0.0498
227,02-DAPI-1-40x-402ms.tif,NBL,0.0572,0.0572,53.4288,0.8615,3.0552,0.0493
228,02-DAPI-1-40x-402ms.tif,NBL,0.0915,0.0915,77.9846,0.9146,7.1334,0.0837
229,02-DAPI-1-40x-402ms.tif,NBL,0.0741,0.0741,54.0351,0.8551,4.0046,0.0634
230,02-DAPI-1-40x-402ms.tif,NBL,0.0829,0.0829,76.2539,0.7605,6.3214,0.063
231,02-DAPI-1-40x-402ms.tif,NBL,0.0499,0.0499,55.4717,0.6196,2.7688,0.0309
232,02-DAPI-1-40x-402ms.tif,NBL,0.0512,0.0512,50.7034,0.7076,2.5968,0.0362
233,02-DAPI-1-40x-402ms.tif,NBL,0.0716,0.0716,68.5288,0.6545,4.9077,0.0469
234,02-DAPI-1-40x-402ms.tif,NBL,0.1111,0.1111,70.332,0.6689,7.8147,0.0743
235,02-DAPI-1-40x-402ms.tif,NBL,0.1076,0.1076,72.5363,0.8891,7.8077,0.0957
236,02-DAPI-1-40x-402ms.tif,NBL,0.0933,0.0933,75.1023,0.6674,7.0082,0.0623
237,02-DAPI-1-40x-402ms.tif,NBL,0.0884,0.0884,52.7877,0.6479,4.6682,0.0573
238,02-DAPI-1-40x-402ms.tif,NBL,0.0795,0.0795,77.8199,0.6439,6.1895,0.0512
239,02-DAPI-1-40x-402ms.tif,NBL,0.0894,0.0894,64.3119,0.4138,5.7501,0.037
240,02-DAPI-1-40x-402ms.tif,NBL,0.0833,0.0833,69.819,0.5859,5.8183,0.0488
241,02-DAPI-1-40x-402ms.tif,NBL,0.0312,0.0312,53.5938,0.5521,1.6748,0.0173
242,02-DAPI-1-40x-402ms.tif,NBL,0.0276,0.0276,63.3386,0.7008,1.7457,0.0193
243,02-DAPI-1-40x-402ms.tif,NBL,0.0489,0.0489,51.6297,0.2417,2.5266,0.0118
244,02-DAPI-1-40x-402ms.tif,NBL,0.0814,0.0814,34.7387,0.236,2.827,0.0192
245,02-DAPI-1-40x-402ms.tif,NBL,0.093,0.093,43.0175,0.5251,4.0002,0.0488
246,02-DAPI-1-40x-402ms.tif,NBL,0.1415,0.1415,35.4302,0.4532,5.0131,0.0641
247,02-DAPI-1-40x-402ms.tif,NBL,0.0512,0.0512,66.8708,0.5381,3.4248,0.0276
248,02-DAPI-1-40x-402ms.tif,NBL,0.0685,0.0685,45.954,0.3693,3.1464,0.0253
249,02-DAPI-1-40x-402ms.tif,NBL,0.059,0.059,85.2923,0.7537,5.0346,0.0445
250,02-DAPI-1-40x-402ms.tif,NBL,0.1361,0.1361,33.0805,0.3748,4.5012,0.051
251,02-DAPI-1-40x-402ms.tif,NBL,0.0864,0.0864,63.9422,0.6809,5.5228,0.0588
252,02-DAPI-1-40x-402ms.tif,NBL,0.0794,0.0794,75.5068,0.7992,5.9973,0.0635
253,02-DAPI-1-40x-402ms.tif,NBL,0.0637,0.0637,58.4991,0.7632,3.726,0.0486
254,02-DAPI-1-40x-402ms.tif,NBL,0.0993,0.0993,59.2109,0.8623,5.8787,0.0856
255,02-DAPI-1-40x-402ms.tif,NBL,0.1034,0.1034,56.2896,1.0745,5.8207,0.1111
256,02-DAPI-1-40x-402ms.tif,NBL,0.0602,0.0602,43.9351,0.8559,2.6458,0.0515
257,02-DAPI-1-40x-402ms.tif,NBL,0.0791,0.0791,40.7778,0.8203,3.2256,0.0649
258,02-DAPI-1-40x-402ms.tif,NBL,0.0971,0.0971,63.7855,1.0458,6.1944,0.1016
259,02-DAPI-1-40x-402ms.tif,NBL,0.116,0.116,67.102,1.0309,7.7834,0.1196
260,02-DAPI-1-40x-402ms.tif,NBL,0.0773,0.0773,75.0646,1.0787,5.7993,0.0833
261,02-DAPI-1-40x-402ms.tif,NBL,0.0482,0.0482,64.6667,1.0315,3.1155,0.0497
262,02-DAPI-1-40x-402ms.tif,NBL,0.0378,0.0378,65.5546,0.9885,2.4754,0.0373
263,02-DAPI-1-40x-402ms.tif,NBL,0.0326,0.0326,42.02,0.8433,1.3678,0.0275
264,02-DAPI-1-40x-402ms.tif,NBL,0.0281,0.0281,57.2317,0.6371,1.6084,0.0179
265,02-DAPI-1-40x-402ms.tif,NBL,0.028,0.028,74.5659,0.7016,2.0875,0.0196
266,02-DAPI-1-40x-402ms.tif,NBL,0.0879,0.0879,37.516,0.2358,3.2973,0.0207
267,02-DAPI-1-40x-402ms.tif,NBL,0.1157,0.1157,102.4118,1.5113,11.8458,0.1748
268,02-DAPI-1-40x-402ms.tif,NBL,0.0872,0.0872,76.0373,1.1766,6.6335,0.1026
269,02-DAPI-1-40x-402ms.tif,NBL,0.0859,0.0859,71.4735,1.0795,6.1423,0.0928
270,02-DAPI-1-40x-402ms.tif,NBL,0.0833,0.0833,59.5404,1.2943,4.9617,0.1079
271,02-DAPI-1-40x-402ms.tif,NBL,0.0942,0.0942,83.4493,1.4435,7.8596,0.136
272,02-DAPI-1-40x-402ms.tif,NBL,0.064,0.064,91.4102,1.6034,5.852,0.1026
273,02-DAPI-1-40x-402ms.tif,NBL,0.0667,0.0667,95.4341,1.4488,6.3685,0.0967
274,02-DAPI-1-40x-402ms.tif,NBL,0.0949,0.0949,81.6903,1.096,7.756,0.1041
275,02-DAPI-1-40x-402ms.tif,NBL,0.1262,0.1262,94.6423,1.3594,11.9433,0.1715
276,02-DAPI-1-40x-402ms.tif,NBL,0.072,0.072,79.3133,1.2154,5.7144,0.0876
277,02-DAPI-1-40x-402ms.tif,NBL,0.0663,0.0663,82.5516,1.3617,5.473,0.0903
278,02-DAPI-1-40x-402ms.tif,NBL,0.033,0.033,82.0559,1.2434,2.7067,0.041
279,02-DAPI-1-40x-402ms.tif,NBL,0.0988,0.0988,78.9297,0.9989,7.8022,0.0987
280,02-DAPI-1-40x-402ms.tif,NBL,0.0666,0.0666,87.8925,1.4642,5.8557,0.0975
281,02-DAPI-1-40x-402ms.tif,NBL,0.0467,0.0467,70.4023,1.1605,3.2848,0.0541
282,02-DAPI-1-40x-402ms.tif,NBL,0.1529,0.1529,56.6721,0.8864,8.6644,0.1355
283,02-DAPI-1-40x-402ms.tif,NBL,0.0503,0.0503,37.3147,0.3944,1.8787,0.0199
284,02-DAPI-1-40x-402ms.tif,NBL,0.1519,0.1519,11.1643,0.1379,1.696,0.0209
285,02-DAPI-1-40x-402ms.tif,NBL,0.1315,0.1315,15.6155,0.2508,2.0536,0.033
286,02-DAPI-1-40x-402ms.tif,NBL,0.2256,0.2256,10.8942,0.3396,2.4576,0.0766
287,02-DAPI-1-40x-402ms.tif,NBL,0.1656,0.1656,10.1809,0.464,1.6858,0.0768
288,02-DAPI-1-40x-402ms.tif,NBL,0.1288,0.1288,15.77,0.3471,2.0311,0.0447
289,02-DAPI-1-40x-402ms.tif,NBL,0.0873,0.0873,26.6273,0.7168,2.3258,0.0626
290,02-DAPI-1-40x-402ms.tif,NBL,0.1549,0.1549,15.7647,0.1821,2.4427,0.0282
291,02-DAPI-1-40x-402ms.tif,NBL,0.0339,0.0339,52.4615,0.5353,1.776,0.0181
292,02-DAPI-1-40x-402ms.tif,NBL,0.115,0.115,14.5302,0.0764,1.6712,0.0088
293,02-DAPI-1-40x-402ms.tif,NBL,0.0518,0.0518,33.8512,0.1845,1.7521,0.0095
294,02-DAPI-1-40x-402ms.tif,NBL,0.0276,0.0276,44.1024,0.4843,1.2155,0.0133
295,02-DAPI-1-40x-402ms.tif,NBL,0.0226,0.0226,61.9423,0.5144,1.398,0.0116
296,02-DAPI-1-40x-402ms.tif,NBL,0.0452,0.0452,34.0288,0.6619,1.5397,0.0299
297,02-DAPI-1-40x-402ms.tif,NBL,0.0748,0.0748,29.8563,0.6313,2.2321,0.0472
298,02-DAPI-1-40x-402ms.tif,NBL,0.019,0.019,44.8171,0.4,0.851,0.0076
299,02-DAPI-1-40x-402ms.tif,NBL,0.0221,0.0221,60.8971,0.6863,1.348,0.0152
300,02-DAPI-1-40x-402ms.tif,NBL,0.142,0.142,16.3468,0.1474,2.3218,0.0209
301,02-DAPI-1-40x-402ms.tif,NBL,0.1751,0.1751,18.9963,0.2169,3.3268,0.038
302,02-DAPI-1-40x-402ms.tif,NBL,0.0462,0.0462,40.0282,0.3779,1.8503,0.0175
303,03-DAPI-1-40x-402ms.tif,NBL,0.0671,0.0671,60.9078,0.2573,4.0843,0.0173
304,03-DAPI-1-40x-402ms.tif,NBL,0.0307,0.0307,52.2297,0.0989,1.6038,0.003
305,03-DAPI-1-40x-402ms.tif,NBL,0.0538,0.0538,42.8427,0.0484,2.3058,0.0026
306,03-DAPI-1-40x-402ms.tif,NBL,0.0476,0.0476,61.1481,0.0934,2.9128,0.0044
307,03-DAPI-1-40x-402ms.tif,NBL,0.0614,0.0614,61.0424,0.212,3.7489,0.013
308,03-DAPI-1-40x-402ms.tif,NBL,0.113,0.113,77.609,0.2882,8.7664,0.0326
309,03-DAPI-1-40x-402ms.tif,NBL,0.0458,0.0458,73.4455,0.3199,3.3631,0.0146
310,03-DAPI-1-40x-402ms.tif,NBL,0.0321,0.0321,89.2399,0.5878,2.8662,0.0189
311,03-DAPI-1-40x-402ms.tif,NBL,0.0391,0.0391,64.6556,0.3833,2.5256,0.015
312,03-DAPI-1-40x-402ms.tif,NBL,0.0806,0.0806,77.4899,0.5935,6.2473,0.0479
313,03-DAPI-1-40x-402ms.tif,NBL,0.0634,0.0634,87.6199,0.5445,5.5523,0.0345
314,03-DAPI-1-40x-402ms.tif,NBL,0.0612,0.0612,60.8103,0.4628,3.7215,0.0283
315,03-DAPI-1-40x-402ms.tif,NBL,0.0687,0.0687,64.2449,0.4834,4.4127,0.0332
316,03-DAPI-1-40x-402ms.tif,NBL,0.0731,0.0731,74.1958,0.4139,5.4262,0.0303
317,03-DAPI-1-40x-402ms.tif,NBL,0.0301,0.0301,81.8087,0.6823,2.4589,0.0205
318,03-DAPI-1-40x-402ms.tif,NBL,0.0719,0.0719,78.4057,0.4253,5.6405,0.0306
319,03-DAPI-1-40x-402ms.tif,NBL,0.0821,0.0821,65.4676,0.214,5.3775,0.0176
320,03-DAPI-1-40x-402ms.tif,NBL,0.0738,0.0738,64.2485,0.3132,4.7406,0.0231
321,03-DAPI-1-40x-402ms.tif,NBL,0.0717,0.0717,56.1286,0.3525,4.0257,0.0253
322,03-DAPI-1-40x-402ms.tif,NBL,0.0572,0.0572,56.5674,0.203,3.2347,0.0116
323,03-DAPI-1-40x-402ms.tif,NBL,0.0435,0.0435,66.3317,0.3367,2.8862,0.0146
324,03-DAPI-1-40x-402ms.tif,NBL,0.1168,0.1168,50.4201,0.3076,5.8867,0.0359
325,03-DAPI-1-40x-402ms.tif,NBL,0.0476,0.0476,48.7175,0.467,2.3206,0.0222
326,03-DAPI-1-40x-402ms.tif,NBL,0.0986,0.0986,72.2772,0.5259,7.1289,0.0519
327,03-DAPI-1-40x-402ms.tif,NBL,0.0449,0.0449,54.9469,0.6039,2.4683,0.0271
328,03-DAPI-1-40x-402ms.tif,NBL,0.0443,0.0443,90.1397,0.6176,3.9906,0.0273
329,03-DAPI-1-40x-402ms.tif,NBL,0.0528,0.0528,64.193,0.5544,3.3921,0.0293
330,03-DAPI-1-40x-402ms.tif,NBL,0.0428,0.0428,57.1853,0.3325,2.4448,0.0142
331,03-DAPI-1-40x-402ms.tif,NBL,0.0612,0.0612,37.4273,0.078,2.2905,0.0048
332,03-DAPI-1-40x-402ms.tif,NBL,0.0605,0.0605,59.8047,0.1971,3.621,0.0119
333,03-DAPI-1-40x-402ms.tif,NBL,0.0476,0.0476,56.3781,0.2255,2.6855,0.0107
334,03-DAPI-1-40x-402ms.tif,NBL,0.0825,0.0825,51.8487,0.0816,4.2757,0.0067
335,03-DAPI-1-40x-402ms.tif,NBL,0.0949,0.0949,50.5897,0.3269,4.8032,0.031
336,03-DAPI-1-40x-402ms.tif,NBL,0.0775,0.0775,65.2801,0.1022,5.0575,0.0079
337,03-DAPI-1-40x-402ms.tif,NBL,0.04,0.04,45.0081,0.103,1.8021,0.0041
338,03-DAPI-1-40x-402ms.tif,NBL,0.0361,0.0361,61.3664,0.3994,2.2173,0.0144
339,03-DAPI-1-40x-402ms.tif,NBL,0.0371,0.0371,62.3509,0.4444,2.3138,0.0165
340,03-DAPI-1-40x-402ms.tif,NBL,0.071,0.071,51.8394,0.4098,3.6787,0.0291
341,03-DAPI-1-40x-402ms.tif,NBL,0.1559,0.1559,27.9332,0.1065,4.3555,0.0166
342,03-DAPI-1-40x-402ms.tif,NBL,0.0954,0.0954,30.7133,0.3606,2.9294,0.0344
343,03-DAPI-1-40x-402ms.tif,NBL,0.1043,0.1043,22.7086,0.1498,2.3679,0.0156
344,03-DAPI-1-40x-402ms.tif,NBL,0.0694,0.0694,57.8484,0.1859,4.0173,0.0129
345,03-DAPI-1-40x-402ms.tif,NBL,0.0671,0.0671,49.4256,0.0421,3.3143,0.0028
346,03-DAPI-1-40x-402ms.tif,NBL,0.0972,0.0972,21.3605,0.2812,2.0767,0.0273
347,03-DAPI-1-40x-402ms.tif,NBL,0.0399,0.0399,23.0815,0.0897,0.9217,0.0036
348,03-DAPI-1-40x-402ms.tif,NBL,0.0479,0.0479,63.6553,0.5374,3.046,0.0257
349,03-DAPI-1-40x-402ms.tif,NBL,0.1039,0.1039,27.5438,0.3017,2.8632,0.0314
350,03-DAPI-1-40x-402ms.tif,NBL,0.0476,0.0476,44.82,0.5444,2.135,0.0259
351,03-DAPI-1-40x-402ms.tif,NBL,0.071,0.071,65.1942,0.6269,4.6264,0.0445
352,03-DAPI-1-40x-402ms.tif,NBL,0.1054,0.1054,76.5561,0.6004,8.066,0.0633
353,03-DAPI-1-40x-402ms.tif,NBL,0.106,0.106,67.0184,0.4565,7.1047,0.0484
354,03-DAPI-1-40x-402ms.tif,NBL,0.1046,0.1046,63.4077,0.5031,6.6325,0.0526
355,03-DAPI-1-40x-402ms.tif,NBL,0.0719,0.0719,59.3288,0.2489,4.2681,0.0179
356,03-DAPI-1-40x-402ms.tif,NBL,0.0879,0.0879,46.2185,0.2222,4.0622,0.0195
357,03-DAPI-1-40x-402ms.tif,NBL,0.1227,0.1227,25.9142,0.1477,3.1802,0.0181
358,03-DAPI-1-40x-402ms.tif,NBL,0.0471,0.0471,67.4147,0.2788,3.1747,0.0131
359,03-DAPI-1-40x-402ms.tif,NBL,0.0354,0.0354,73.8926,0.4509,2.6138,0.016
360,03-DAPI-1-40x-402ms.tif,NBL,0.034,0.034,53.0415,0.2556,1.8014,0.0087
361,03-DAPI-1-40x-402ms.tif,NBL,0.1102,0.1102,25.0512,0.2283,2.7617,0.0252
362,03-DAPI-1-40x-402ms.tif,NBL,0.0441,0.0441,79.399,0.7266,3.4978,0.032
363,03-DAPI-1-40x-402ms.tif,NBL,0.0598,0.0598,86.4065,0.6007,5.166,0.0359
364,03-DAPI-1-40x-402ms.tif,NBL,0.0543,0.0543,78.802,0.18,4.2753,0.0098
365,03-DAPI-1-40x-402ms.tif,NBL,0.0634,0.0634,50.3236,0.1336,3.1889,0.0085
366,03-DAPI-1-40x-402ms.tif,NBL,0.1309,0.1309,23.7504,0.0489,3.108,0.0064
367,03-DAPI-1-40x-402ms.tif,NBL,0.0565,0.0565,31.3512,0.0422,1.7724,0.0024
368,03-DAPI-1-40x-402ms.tif,NBL,0.1067,0.1067,29.2564,0.06,3.1206,0.0064
369,03-DAPI-1-40x-402ms.tif,NBL,0.0367,0.0367,43.3077,0.0207,1.5883,0.0008
370,03-DAPI-1-40x-402ms.tif,NBL,0.0801,0.0801,66.5664,0.2575,5.3305,0.0206
371,03-DAPI-1-40x-402ms.tif,NBL,0.0594,0.0594,69.2084,0.1463,4.1077,0.0087
372,03-DAPI-1-40x-402ms.tif,NBL,0.167,0.167,30.681,0.2125,5.1235,0.0355
373,03-DAPI-1-40x-402ms.tif,NBL,0.1156,0.1156,37.9343,0.215,4.3837,0.0248
374,03-DAPI-1-40x-402ms.tif,NBL,0.0394,0.0394,48.2837,0.4848,1.9018,0.0191
375,03-DAPI-1-40x-402ms.tif,NBL,0.0653,0.0653,63.8272,0.3505,4.1693,0.0229
376,03-DAPI-1-40x-402ms.tif,NBL,0.1227,0.1227,62.0937,0.2564,7.6202,0.0315
377,03-DAPI-1-40x-402ms.tif,NBL,0.0943,0.0943,65.8803,0.3867,6.212,0.0365
378,03-DAPI-1-40x-402ms.tif,NBL,0.0311,0.0311,64.561,0.4181,2.0105,0.013
379,03-DAPI-1-40x-402ms.tif,NBL,0.0449,0.0449,69.599,0.5314,3.1265,0.0239
380,03-DAPI-1-40x-402ms.tif,NBL,0.0605,0.0605,84.5484,0.5305,5.1191,0.0321
381,03-DAPI-1-40x-402ms.tif,NBL,0.048,0.048,77.2828,0.6154,3.7065,0.0295
382,03-DAPI-1-40x-402ms.tif,NBL,0.1251,0.1251,17.2316,0.0755,2.1558,0.0094
383,03-DAPI-1-40x-402ms.tif,NBL,0.0864,0.0864,25.1972,0.1897,2.1763,0.0164
384,03-DAPI-1-40x-402ms.tif,NBL,0.0907,0.0907,14.3624,0.0467,1.3028,0.0042
385,03-DAPI-1-40x-402ms.tif,NBL,0.0403,0.0403,31.7951,0.4447,1.2799,0.0179
386,03-DAPI-1-40x-402ms.tif,NBL,0.0489,0.0489,55.3481,0.5233,2.7086,0.0256
387,03-DAPI-1-40x-402ms.tif,NBL,0.0302,0.0302,60.8705,0.3813,1.8362,0.0115
388,03-DAPI-1-40x-402ms.tif,NBL,0.2049,0.2049,12.0551,0.0233,2.4696,0.0048
389,03-DAPI-1-40x-402ms.tif,NBL,0.108,0.108,13.7719,0.0271,1.4869,0.0029
390,03-DAPI-1-40x-402ms.tif,NBL,0.1195,0.1195,16.6621,0.0799,1.9906,0.0095
391,07-DAPI-1-40x-402ms.tif,NBL,0.0753,0.0753,50.2305,0.0317,3.7826,0.0024
392,07-DAPI-1-40x-402ms.tif,NBL,0.0393,0.0393,107.0635,0.1464,4.2054,0.0058
393,07-DAPI-1-40x-402ms.tif,NBL,0.051,0.051,42.0213,0.066,2.143,0.0034
394,07-DAPI-1-40x-402ms.tif,NBL,0.1367,0.1367,31.1651,0.0786,4.2609,0.0107
395,07-DAPI-1-40x-402ms.tif,NBL,0.0628,0.0628,23.4991,0.057,1.4763,0.0036
396,07-DAPI-1-40x-402ms.tif,NBL,0.1108,0.1108,22.2958,0.0558,2.4701,0.0062
397,07-DAPI-1-40x-402ms.tif,NBL,0.0653,0.0653,39.1645,0.201,2.5583,0.0131
398,07-DAPI-1-40x-402ms.tif,NBL,0.0197,0.0197,66.7143,0.044,1.3175,0.0009
399,07-DAPI-1-40x-402ms.tif,NBL,0.0246,0.0246,48.1982,4.0749,1.1872,0.1004
400,07-DAPI-1-40x-402ms.tif,NBL,0.0206,0.0206,78.1684,0.2789,1.6115,0.0058
401,07-DAPI-1-40x-402ms.tif,NBL,0.0614,0.0614,43.917,0.03,2.6972,0.0018
402,07-DAPI-1-40x-402ms.tif,NBL,0.0972,0.0972,22.1228,0.0212,2.1508,0.0021
403,07-DAPI-1-40x-402ms.tif,NBL,0.061,0.061,74.9395,0.2544,4.5699,0.0155
404,07-DAPI-1-40x-402ms.tif,NBL,0.0473,0.0473,62.9564,0.7156,2.9784,0.0339
405,07-DAPI-1-40x-402ms.tif,NBL,0.0543,0.0543,51.012,1.014,2.7676,0.055
406,07-DAPI-1-40x-402ms.tif,NBL,0.0908,0.0908,66.2736,0.1947,6.019,0.0177
407,07-DAPI-1-40x-402ms.tif,NBL,0.0163,0.0163,74.9333,0.46,1.2196,0.0075
408,07-DAPI-1-40x-402ms.tif,NBL,0.0412,0.0412,50.9632,0.2921,2.1013,0.012
409,07-DAPI-1-40x-402ms.tif,NBL,0.0745,0.0745,54.607,0.1354,4.0706,0.0101
410,07-DAPI-1-40x-402ms.tif,NBL,0.0813,0.0813,68.1816,0.1749,5.5412,0.0142
411,07-DAPI-1-40x-402ms.tif,NBL,0.1261,0.1261,40.7126,0.1842,5.1332,0.0232
412,07-DAPI-1-40x-402ms.tif,NBL,0.0438,0.0438,65.0396,0.1262,2.8511,0.0055
413,07-DAPI-1-40x-402ms.tif,NBL,0.073,0.073,56.2793,0.049,4.1098,0.0036
414,07-DAPI-1-40x-402ms.tif,NBL,0.0581,0.0581,94.2019,0.2785,5.4685,0.0162
415,07-DAPI-1-40x-402ms.tif,NBL,0.0257,0.0257,76.5021,0.1646,1.9673,0.0042
416,07-DAPI-1-40x-402ms.tif,NBL,0.1382,0.1382,36.2857,0.281,5.0161,0.0388
417,07-DAPI-1-40x-402ms.tif,NBL,0.0403,0.0403,63.5687,0.7493,2.559,0.0302
418,07-DAPI-1-40x-402ms.tif,NBL,0.0955,0.0955,80.5216,0.4864,7.6887,0.0464
419,07-DAPI-1-40x-402ms.tif,NBL,0.036,0.036,82.8163,0.8765,2.9834,0.0316
420,07-DAPI-1-40x-402ms.tif,NBL,0.0164,0.0164,75.8411,9.404,1.2426,0.1541
421,07-DAPI-1-40x-402ms.tif,NBL,0.0634,0.0634,97.4983,0.411,6.1783,0.026
422,07-DAPI-1-40x-402ms.tif,NBL,0.1827,0.1827,23.5344,0.2637,4.3003,0.0482
423,07-DAPI-1-40x-402ms.tif,NBL,0.0635,0.0635,79.065,2.1009,5.0188,0.1334
424,07-DAPI-1-40x-402ms.tif,NBL,0.0413,0.0413,55.5381,1.958,2.296,0.0809
425,07-DAPI-1-40x-402ms.tif,NBL,0.0252,0.0252,69.3534,12.181,1.7459,0.3066
426,07-DAPI-1-40x-402ms.tif,NBL,0.0469,0.0469,59.6273,0.5718,2.795,0.0268
427,07-DAPI-1-40x-402ms.tif,NBL,0.054,0.054,70.7028,0.745,3.8205,0.0403
428,07-DAPI-1-40x-402ms.tif,NBL,0.0505,0.0505,75.0753,0.5806,3.788,0.0293
429,07-DAPI-1-40x-402ms.tif,NBL,0.038,0.038,86.18,0.64,3.2729,0.0243
430,07-DAPI-1-40x-402ms.tif,NBL,0.1131,0.1131,47.7553,0.4856,5.3994,0.0549
431,07-DAPI-1-40x-402ms.tif,NBL,0.0196,0.0196,54.6188,2.0884,1.0727,0.041
432,07-DAPI-1-40x-402ms.tif,NBL,0.0291,0.0291,46.1381,2.3022,1.3417,0.0669
433,07-DAPI-1-40x-402ms.tif,NBL,0.0723,0.0723,85.8033,0.7282,6.2006,0.0526
434,07-DAPI-1-40x-402ms.tif,NBL,0.1079,0.1079,57.3773,0.5885,6.1885,0.0635
435,07-DAPI-1-40x-402ms.tif,NBL,0.0492,0.0492,95.883,0.883,4.713,0.0434
436,07-DAPI-1-40x-402ms.tif,NBL,0.0947,0.0947,62.2921,0.7698,5.9007,0.0729
437,07-DAPI-1-40x-402ms.tif,NBL,0.1008,0.1008,92.2777,0.8762,9.3019,0.0883
438,07-DAPI-1-40x-402ms.tif,NBL,0.053,0.053,113.8361,0.9016,6.0278,0.0477
439,07-DAPI-1-40x-402ms.tif,NBL,0.0513,0.0513,67.186,0.7886,3.4482,0.0405
440,07-DAPI-1-40x-402ms.tif,NBL,0.0773,0.0773,91.7992,0.9185,7.0921,0.071
441,07-DAPI-1-40x-402ms.tif,NBL,0.0722,0.0722,75.9594,0.7158,5.481,0.0516
442,07-DAPI-1-40x-402ms.tif,NBL,0.0867,0.0867,104.393,0.9299,9.0506,0.0806
443,07-DAPI-1-40x-402ms.tif,NBL,0.0724,0.0724,86.3973,0.9055,6.2529,0.0655
444,07-DAPI-1-40x-402ms.tif,NBL,0.1043,0.1043,68.5026,0.5911,7.1431,0.0616
445,07-DAPI-1-40x-402ms.tif,NBL,0.0872,0.0872,66.9764,0.6953,5.843,0.0607
446,07-DAPI-1-40x-402ms.tif,NBL,0.1017,0.1017,86.2988,1.1729,8.7741,0.1192
447,07-DAPI-1-40x-402ms.tif,NBL,0.0461,0.0461,69.9624,0.68,3.2263,0.0314
448,07-DAPI-1-40x-402ms.tif,NBL,0.025,0.025,50.0609,0.8478,1.2493,0.0212
449,07-DAPI-1-40x-402ms.tif,NBL,0.0766,0.0766,55.9065,0.6785,4.2828,0.052
450,07-DAPI-1-40x-402ms.tif,NBL,0.0929,0.0929,46.7675,0.0292,4.3439,0.0027
451,07-DAPI-1-40x-402ms.tif,NBL,0.0488,0.0488,56.0178,0.4511,2.7352,0.022
452,07-DAPI-1-40x-402ms.tif,NBL,0.056,0.056,49.7539,0.4961,2.7857,0.0278
453,07-DAPI-1-40x-402ms.tif,NBL,0.0348,0.0348,67.1246,0.3022,2.338,0.0105
454,07-DAPI-1-40x-402ms.tif,NBL,0.0297,0.0297,82.5474,0.2482,2.4542,0.0074
455,07-DAPI-1-40x-402ms.tif,NBL,0.0977,0.0977,35.6878,0.04,3.4851,0.0039
456,07-DAPI-1-40x-402ms.tif,NBL,0.1731,0.1731,25.3473,0.3166,4.3868,0.0548
457,07-DAPI-1-40x-402ms.tif,NBL,0.0522,0.0522,46.0603,0.8628,2.404,0.045
458,07-DAPI-1-40x-402ms.tif,NBL,0.1162,0.1162,33.2633,0.3445,3.8656,0.04
459,07-DAPI-1-40x-402ms.tif,NBL,0.0868,0.0868,40.8488,0.5625,3.5459,0.0488
460,07-DAPI-1-40x-402ms.tif,NBL,0.0675,0.0675,92.3666,0.7074,6.2339,0.0477
461,07-DAPI-1-40x-402ms.tif,NBL,0.0649,0.0649,83.6421,0.6622,5.4273,0.043
462,07-DAPI-1-40x-402ms.tif,NBL,0.0347,0.0347,110.2156,1.3938,3.8269,0.0484
463,07-DAPI-1-40x-402ms.tif,NBL,0.0382,0.0382,94.7841,3.2898,3.6202,0.1257
464,07-DAPI-1-40x-402ms.tif,NBL,0.0213,0.0213,60.75,4.6633,1.292,0.0992
465,07-DAPI-1-40x-402ms.tif,NBL,0.062,0.062,53.8126,0.6252,3.3341,0.0387
466,07-DAPI-1-40x-402ms.tif,NBL,0.1084,0.1084,88.4925,0.7628,9.5924,0.0827
467,07-DAPI-1-40x-402ms.tif,NBL,0.1501,0.1501,36.7542,0.436,5.5155,0.0654
468,07-DAPI-1-40x-402ms.tif,NBL,0.1146,0.1146,89.1345,0.7188,10.2133,0.0824
469,07-DAPI-1-40x-402ms.tif,NBL,0.0818,0.0818,78.6737,0.7958,6.4366,0.0651
470,07-DAPI-1-40x-402ms.tif,NBL,0.085,0.085,109.8301,0.848,9.3313,0.072
471,07-DAPI-1-40x-402ms.tif,NBL,0.0865,0.0865,91.8168,1.1481,7.9403,0.0993
472,07-DAPI-1-40x-402ms.tif,NBL,0.038,0.038,88.6371,1.0171,3.3662,0.0386
473,07-DAPI-1-40x-402ms.tif,NBL,0.0333,0.0333,103.8208,1.0033,3.4584,0.0334
474,07-DAPI-1-40x-402ms.tif,NBL,0.0571,0.0571,90.616,0.8137,5.1719,0.0464
475,07-DAPI-1-40x-402ms.tif,NBL,0.0549,0.0549,117.9012,1.0198,6.4733,0.056
476,07-DAPI-1-40x-402ms.tif,NBL,0.0639,0.0639,83.0696,0.7487,5.309,0.0479
477,07-DAPI-1-40x-402ms.tif,NBL,0.0455,0.0455,81.7804,0.8974,3.7181,0.0408
478,07-DAPI-1-40x-402ms.tif,NBL,0.0405,0.0405,103.2815,1.0858,4.1801,0.0439
479,07-DAPI-1-40x-402ms.tif,NBL,0.0455,0.0455,58.0811,0.8091,2.6406,0.0368
480,08-DAPI-1-40x-402ms.tif,NBL,0.0252,0.0252,104.5086,0.2759,2.6309,0.0069
481,08-DAPI-1-40x-402ms.tif,NBL,0.0331,0.0331,72.0328,0.3443,2.3839,0.0114
482,08-DAPI-1-40x-402ms.tif,NBL,0.0722,0.0722,46.8556,0.2541,3.381,0.0183
483,08-DAPI-1-40x-402ms.tif,NBL,0.0732,0.0732,67.5778,0.3481,4.9495,0.0255
484,08-DAPI-1-40x-402ms.tif,NBL,0.061,0.061,94.2402,0.5516,5.7469,0.0336
485,08-DAPI-1-40x-402ms.tif,NBL,0.0359,0.0359,53.0665,0.9637,1.9059,0.0346
486,08-DAPI-1-40x-402ms.tif,NBL,0.0494,0.0494,73.5099,0.1297,3.6292,0.0064
487,08-DAPI-1-40x-402ms.tif,NBL,0.0817,0.0817,64.6892,0.1394,5.2855,0.0114
488,08-DAPI-1-40x-402ms.tif,NBL,0.0396,0.0396,52.9644,0.1178,2.0977,0.0047
489,08-DAPI-1-40x-402ms.tif,NBL,0.0513,0.0513,56.5095,0.0233,2.9003,0.0012
490,08-DAPI-1-40x-402ms.tif,NBL,0.0685,0.0685,53.8336,0.2995,3.6859,0.0205
491,08-DAPI-1-40x-402ms.tif,NBL,0.0344,0.0344,76.2492,0.3912,2.6227,0.0135
492,08-DAPI-1-40x-402ms.tif,NBL,0.0549,0.0549,60.0889,0.5751,3.2992,0.0316
493,08-DAPI-1-40x-402ms.tif,NBL,0.0417,0.0417,58.6849,0.6354,2.4452,0.0265
494,08-DAPI-1-40x-402ms.tif,NBL,0.0696,0.0696,46.4649,0.8003,3.2318,0.0557
495,08-DAPI-1-40x-402ms.tif,NBL,0.0653,0.0653,70.912,0.4585,4.6321,0.0299
496,08-DAPI-1-40x-402ms.tif,NBL,0.0814,0.0814,102.78,0.472,8.3643,0.0384
497,08-DAPI-1-40x-402ms.tif,NBL,0.018,0.018,128.7349,1.5663,2.3188,0.0282
498,08-DAPI-1-40x-402ms.tif,NBL,0.0282,0.0282,139.1769,1.6231,3.9264,0.0458
499,08-DAPI-1-40x-402ms.tif,NBL,0.0245,0.0245,113.0575,0.9469,2.7725,0.0232
500,08-DAPI-1-40x-402ms.tif,NBL,0.0405,0.0405,86.1072,0.5442,3.485,0.022
501,08-DAPI-1-40x-402ms.tif,NBL,0.1009,0.1009,73.9774,0.4484,7.4652,0.0452
502,08-DAPI-1-40x-402ms.tif,NBL,0.1068,0.1068,84.9898,0.6799,9.0744,0.0726
503,08-DAPI-1-40x-402ms.tif,NBL,0.0508,0.0508,105.1581,1.109,5.3401,0.0563
504,08-DAPI-1-40x-402ms.tif,NBL,0.0667,0.0667,97.1415,0.6472,6.4824,0.0432
505,08-DAPI-1-40x-402ms.tif,NBL,0.0637,0.0637,88.1874,0.615,5.617,0.0392
506,08-DAPI-1-40x-402ms.tif,NBL,0.0817,0.0817,65.9907,0.34,5.3918,0.0278
507,08-DAPI-1-40x-402ms.tif,NBL,0.0227,0.0227,54.488,0.6555,1.2357,0.0149
508,08-DAPI-1-40x-402ms.tif,NBL,0.059,0.059,72.6287,0.1452,4.2871,0.0086
509,08-DAPI-1-40x-402ms.tif,NBL,0.0331,0.0331,69.0525,0.5115,2.2853,0.0169
510,08-DAPI-1-40x-402ms.tif,NBL,0.0924,0.0924,104.2606,0.9437,9.6387,0.0872
511,08-DAPI-1-40x-402ms.tif,NBL,0.0481,0.0481,75.4582,0.8014,3.6272,0.0385
512,08-DAPI-1-40x-402ms.tif,NBL,0.0474,0.0474,109.9474,1.0526,5.2134,0.0499
513,08-DAPI-1-40x-402ms.tif,NBL,0.0275,0.0275,82.2609,0.6917,2.2582,0.019
514,08-DAPI-1-40x-402ms.tif,NBL,0.028,0.028,111.6705,0.7519,3.1262,0.0211
515,08-DAPI-1-40x-402ms.tif,NBL,0.0187,0.0187,118.9419,0.9593,2.2198,0.0179
516,08-DAPI-1-40x-402ms.tif,NBL,0.0216,0.0216,74.2462,1.0402,1.6032,0.0225
517,08-DAPI-1-40x-402ms.tif,NBL,0.0362,0.0362,114.2665,0.8593,4.1412,0.0311
518,08-DAPI-1-40x-402ms.tif,NBL,0.0844,0.0844,55.4589,0.8239,4.6817,0.0696
519,08-DAPI-1-40x-402ms.tif,NBL,0.1381,0.1381,41.0636,0.7196,5.6721,0.0994
520,08-DAPI-1-40x-402ms.tif,NBL,0.1056,0.1056,63.8397,0.7657,6.74,0.0808
521,08-DAPI-1-40x-402ms.tif,NBL,0.0294,0.0294,139.5498,2,4.1035,0.0588
522,08-DAPI-1-40x-402ms.tif,NBL,0.0265,0.0265,129.1025,1.25,3.4181,0.0331
523,08-DAPI-1-40x-402ms.tif,NBL,0.0296,0.0296,132.0952,1.8205,3.913,0.0539
524,08-DAPI-1-40x-402ms.tif,NBL,0.0668,0.0668,103.7938,0.9935,6.9376,0.0664
525,08-DAPI-1-40x-402ms.tif,NBL,0.0475,0.0475,64.3265,0.8059,3.0572,0.0383
526,08-DAPI-1-40x-402ms.tif,NBL,0.0467,0.0467,94.1907,0.9349,4.3947,0.0436
527,08-DAPI-1-40x-402ms.tif,NBL,0.0502,0.0502,99.3909,0.8294,4.9933,0.0417
528,08-DAPI-1-40x-402ms.tif,NBL,0.0407,0.0407,124.0613,1.2853,5.0481,0.0523
529,08-DAPI-1-40x-402ms.tif,NBL,0.0621,0.0621,79.9301,0.9283,4.9609,0.0576
530,08-DAPI-1-40x-402ms.tif,NBL,0.0827,0.0827,74.8478,1.1194,6.1886,0.0926
531,08-DAPI-1-40x-402ms.tif,NBL,0.0734,0.0734,81.1967,1.1538,5.9558,0.0846
532,08-DAPI-1-40x-402ms.tif,NBL,0.0582,0.0582,92.4272,0.9123,5.3755,0.0531
533,08-DAPI-1-40x-402ms.tif,NBL,0.0599,0.0599,123.0254,1.0127,7.3687,0.0607
534,08-DAPI-1-40x-402ms.tif,NBL,0.0521,0.0521,109.2125,1.0354,5.6882,0.0539
535,08-DAPI-1-40x-402ms.tif,NBL,0.0552,0.0552,108.4145,1.2358,5.9877,0.0683
536,08-DAPI-1-40x-402ms.tif,NBL,0.0263,0.0263,86.8223,1.062,2.2798,0.0279
537,08-DAPI-1-40x-402ms.tif,NBL,0.0882,0.0882,47.7343,0.0492,4.2109,0.0043
538,08-DAPI-1-40x-402ms.tif,NBL,0.0692,0.0692,59.4483,0.0893,4.1155,0.0062
539,08-DAPI-1-40x-402ms.tif,NBL,0.0374,0.0374,84.9942,0.4261,3.1817,0.016
540,08-DAPI-1-40x-402ms.tif,NBL,0.0553,0.0553,72.2667,0.5941,3.9991,0.0329
541,08-DAPI-1-40x-402ms.tif,NBL,0.0513,0.0513,119.0338,0.8584,6.1093,0.0441
542,08-DAPI-1-40x-402ms.tif,NBL,0.0548,0.0548,76.196,0.5228,4.1752,0.0286
543,08-DAPI-1-40x-402ms.tif,NBL,0.0821,0.0821,84.3871,0.321,6.9315,0.0264
544,08-DAPI-1-40x-402ms.tif,NBL,0.0804,0.0804,109.0594,0.6775,8.7688,0.0545
545,08-DAPI-1-40x-402ms.tif,NBL,0.0437,0.0437,110.0323,1.134,4.8115,0.0496
546,08-DAPI-1-40x-402ms.tif,NBL,0.0283,0.0283,84.7931,1.8621,2.4014,0.0527
547,08-DAPI-1-40x-402ms.tif,NBL,0.0144,0.0144,113.2782,2.5113,1.6348,0.0362
548,08-DAPI-1-40x-402ms.tif,NBL,0.0324,0.0324,77.893,4.893,2.5271,0.1587
549,08-DAPI-1-40x-402ms.tif,NBL,0.0104,0.0104,79.4375,10.2917,0.8275,0.1072
550,08-DAPI-1-40x-402ms.tif,NBL,0.0109,0.0109,67.64,3.02,0.7339,0.0328
551,08-DAPI-1-40x-402ms.tif,NBL,0.0178,0.0178,64.3415,4.8049,1.145,0.0855
552,08-DAPI-1-40x-402ms.tif,NBL,0.0766,0.0766,82.2195,0.9235,6.2985,0.0707
553,08-DAPI-1-40x-402ms.tif,NBL,0.0425,0.0425,110.4209,0.9592,4.6967,0.0408
554,08-DAPI-1-40x-402ms.tif,NBL,0.0267,0.0267,82.2602,2.0325,2.1957,0.0543
555,08-DAPI-1-40x-402ms.tif,NBL,0.0194,0.0194,35.1061,2.4804,0.6819,0.0482
556,08-DAPI-1-40x-402ms.tif,NBL,0.0371,0.0371,111.3187,1.2515,4.131,0.0464
557,08-DAPI-1-40x-402ms.tif,NBL,0.0549,0.0549,55.8617,0.915,3.0671,0.0502
558,08-DAPI-1-40x-402ms.tif,NBL,0.0183,0.0183,98.2012,15.1775,1.8008,0.2783
559,08-DAPI-1-40x-402ms.tif,NBL,0.0138,0.0138,41.8583,3.1575,0.5768,0.0435
560,08-DAPI-1-40x-402ms.tif,NBL,0.0137,0.0137,67.6429,6.5,0.9248,0.0889
561,08-DAPI-1-40x-402ms.tif,NBL,0.0865,0.0865,95.596,0.9749,8.2671,0.0843
562,08-DAPI-1-40x-402ms.tif,NBL,0.0642,0.0642,99.2247,0.8193,6.3738,0.0526
563,08-DAPI-1-40x-402ms.tif,NBL,0.0663,0.0663,55.9738,0.6268,3.7109,0.0416
564,08-DAPI-1-40x-402ms.tif,NBL,0.0398,0.0398,66.0272,0.9319,2.6293,0.0371
565,08-DAPI-1-40x-402ms.tif,NBL,0.0361,0.0361,78.3904,0.8559,2.8325,0.0309
566,08-DAPI-1-40x-402ms.tif,NBL,0.024,0.024,95.8416,1.2036,2.2983,0.0289
567,08-DAPI-1-40x-402ms.tif,NBL,0.0505,0.0505,89.6043,1.0688,4.5211,0.0539
568,08-DAPI-1-40x-402ms.tif,NBL,0.0398,0.0398,75.4932,0.9292,3.0063,0.037
569,08-DAPI-1-40x-402ms.tif,NBL,0.0304,0.0304,108.5429,1.9607,3.2977,0.0596
570,08-DAPI-1-40x-402ms.tif,NBL,0.0339,0.0339,96.484,0.8654,3.2664,0.0293
571,08-DAPI-1-40x-402ms.tif,NBL,0.0307,0.0307,59.9011,0.6643,1.8394,0.0204
572,08-DAPI-1-40x-402ms.tif,NBL,0.0387,0.0387,87.8039,0.7395,3.4013,0.0286
573,08-DAPI-1-40x-402ms.tif,NBL,0.0412,0.0412,65.8447,1.1079,2.715,0.0457
574,08-DAPI-1-40x-402ms.tif,NBL,0.0345,0.0345,62.2893,1.2862,2.1493,0.0444
575,08-DAPI-1-40x-402ms.tif,NBL,0.0345,0.0345,74.9371,0.8616,2.5857,0.0297
576,08-DAPI-1-40x-402ms.tif,NBL,0.0867,0.0867,110.5782,1.0275,9.5868,0.0891
577,08-DAPI-1-40x-402ms.tif,NBL,0.0822,0.0822,84.1636,0.6887,6.9223,0.0566
578,08-DAPI-1-40x-402ms.tif,NBL,0.0625,0.0625,83.6424,0.6788,5.2276,0.0424
579,08-DAPI-1-40x-402ms.tif,NBL,0.072,0.072,86.0633,0.8042,6.2007,0.0579
580,08-DAPI-1-40x-402ms.tif,NBL,0.0752,0.0752,110.2886,0.7922,8.2932,0.0596
581,08-DAPI-1-40x-402ms.tif,NBL,0.0736,0.0736,97.969,1.0929,7.2074,0.0804
582,08-DAPI-1-40x-402ms.tif,NBL,0.1063,0.1063,74.7235,0.7837,7.9459,0.0833
583,08-DAPI-1-40x-402ms.tif,NBL,0.0549,0.0549,63.334,0.9862,3.4773,0.0541
584,08-DAPI-1-40x-402ms.tif,NBL,0.0573,0.0573,77.858,0.8523,4.4606,0.0488
585,08-DAPI-1-40x-402ms.tif,NBL,0.0893,0.0893,88.6428,0.7874,7.9159,0.0703
586,10-DAPI-1-40x-402ms.tif,NBL,0.1136,0.1136,33.1929,0.1003,3.7709,0.0114
587,10-DAPI-1-40x-402ms.tif,NBL,0.0246,0.0246,69.163,0.0352,1.7036,0.0009
588,10-DAPI-1-40x-402ms.tif,NBL,0.0463,0.0463,63.445,0.0749,2.9396,0.0035
589,10-DAPI-1-40x-402ms.tif,NBL,0.0452,0.0452,80.9952,0.0815,3.6648,0.0037
590,10-DAPI-1-40x-402ms.tif,NBL,0.0818,0.0818,68.0836,0.0477,5.5702,0.0039
591,10-DAPI-1-40x-402ms.tif,NBL,0.0829,0.0829,63.5275,0.0746,5.2664,0.0062
592,10-DAPI-1-40x-402ms.tif,NBL,0.046,0.046,66.9151,0.125,3.0786,0.0058
593,10-DAPI-1-40x-402ms.tif,NBL,0.0779,0.0779,61.1309,0.124,4.7626,0.0097
594,10-DAPI-1-40x-402ms.tif,NBL,0.0972,0.0972,72.9721,0.1027,7.0945,0.01
595,10-DAPI-1-40x-402ms.tif,NBL,0.113,0.113,49.9952,0.1124,5.6472,0.0127
596,10-DAPI-1-40x-402ms.tif,NBL,0.1606,0.1606,16.7122,0.0527,2.6838,0.0085
597,10-DAPI-1-40x-402ms.tif,NBL,0.0484,0.0484,54.852,0.5135,2.6545,0.0248
598,10-DAPI-1-40x-402ms.tif,NBL,0.0817,0.0817,51.4675,0.0677,4.2052,0.0055
599,10-DAPI-1-40x-402ms.tif,NBL,0.0778,0.0778,42.675,0.0181,3.3201,0.0014
600,10-DAPI-1-40x-402ms.tif,NBL,0.0583,0.0583,47.9125,0.0168,2.7918,0.001
601,10-DAPI-1-40x-402ms.tif,NBL,0.1039,0.1039,27.4008,0.0167,2.8483,0.0017
602,10-DAPI-1-40x-402ms.tif,NBL,0.0206,0.0206,37.8789,2.6211,0.7809,0.054
603,10-DAPI-1-40x-402ms.tif,NBL,0.0144,0.0144,80.3008,0.5414,1.1589,0.0078
604,10-DAPI-1-40x-402ms.tif,NBL,0.0106,0.0106,67.5612,7.1531,0.7184,0.0761
605,10-DAPI-1-40x-402ms.tif,NBL,0.0263,0.0263,73.1694,4.9504,1.9213,0.13
606,10-DAPI-1-40x-402ms.tif,NBL,0.1273,0.1273,25.6854,0.5703,3.2692,0.0726
607,10-DAPI-1-40x-402ms.tif,NBL,0.0341,0.0341,99.121,0.6975,3.3772,0.0238
608,10-DAPI-1-40x-402ms.tif,NBL,0.0939,0.0939,32.7121,1.0705,3.0703,0.1005
609,10-DAPI-1-40x-402ms.tif,NBL,0.0578,0.0578,73.8818,0.4765,4.2729,0.0276
610,10-DAPI-1-40x-402ms.tif,NBL,0.0689,0.0689,70.8504,0.422,4.8817,0.0291
611,10-DAPI-1-40x-402ms.tif,NBL,0.1011,0.1011,44.9056,0.3616,4.5412,0.0366
612,10-DAPI-1-40x-402ms.tif,NBL,0.0975,0.0975,40.4816,0.0334,3.9489,0.0033
613,10-DAPI-1-40x-402ms.tif,NBL,0.0532,0.0532,35.8306,0.1041,1.9051,0.0055
614,10-DAPI-1-40x-402ms.tif,NBL,0.0521,0.0521,82.0042,0.1521,4.2711,0.0079
615,10-DAPI-1-40x-402ms.tif,NBL,0.0531,0.0531,60.8569,0.3027,3.2291,0.0161
616,10-DAPI-1-40x-402ms.tif,NBL,0.0346,0.0346,88.9122,0.6834,3.0776,0.0237
617,10-DAPI-1-40x-402ms.tif,NBL,0.1005,0.1005,83.0302,0.9179,8.3427,0.0922
618,10-DAPI-1-40x-402ms.tif,NBL,0.0319,0.0319,51.7313,0.051,1.6503,0.0016
619,10-DAPI-1-40x-402ms.tif,NBL,0.0275,0.0275,35.0632,0.1186,0.9626,0.0033
620,10-DAPI-1-40x-402ms.tif,NBL,0.1152,0.1152,17.3851,0.0151,2.0034,0.0017
621,10-DAPI-1-40x-402ms.tif,NBL,0.0754,0.0754,46.3511,1.0331,3.4954,0.0779
622,10-DAPI-1-40x-402ms.tif,NBL,0.0305,0.0305,67.8683,0.9537,2.0693,0.0291
623,10-DAPI-1-40x-402ms.tif,NBL,0.0145,0.0145,79.1716,1.2761,1.1512,0.0186
624,10-DAPI-1-40x-402ms.tif,NBL,0.0321,0.0321,74.5101,10.4865,2.3931,0.3368
625,10-DAPI-1-40x-402ms.tif,NBL,0.0758,0.0758,36.4764,0.6681,2.7666,0.0507
626,10-DAPI-1-40x-402ms.tif,NBL,0.1959,0.1959,21.2676,0.3601,4.1654,0.0705
627,10-DAPI-1-40x-402ms.tif,NBL,0.126,0.126,46.1955,0.5711,5.8196,0.0719
628,10-DAPI-1-40x-402ms.tif,NBL,0.0393,0.0393,99.5,0.8757,3.9083,0.0344
629,10-DAPI-1-40x-402ms.tif,NBL,0.175,0.175,28.3069,0.4997,4.9543,0.0875
630,10-DAPI-1-40x-402ms.tif,NBL,0.046,0.046,43.3137,3.9009,1.9927,0.1795
631,10-DAPI-1-40x-402ms.tif,NBL,0.017,0.017,63.3567,7.7452,1.0793,0.1319
632,10-DAPI-1-40x-402ms.tif,NBL,0.0195,0.0195,52.2556,3.5167,1.0206,0.0687
633,10-DAPI-1-40x-402ms.tif,NBL,0.1428,0.1428,28.3435,0.2546,4.0473,0.0363
634,10-DAPI-1-40x-402ms.tif,NBL,0.1411,0.1411,24.7746,0.5338,3.4947,0.0753
635,10-DAPI-1-40x-402ms.tif,NBL,0.0629,0.0629,83.7293,0.6983,5.2694,0.0439
636,10-DAPI-1-40x-402ms.tif,NBL,0.0146,0.0146,58.2222,9.2296,0.8529,0.1352
637,10-DAPI-1-40x-402ms.tif,NBL,0.3281,0.3281,20.2517,0.4633,6.6451,0.152
638,10-DAPI-1-40x-402ms.tif,NBL,0.1977,0.1977,22.3205,0.3694,4.4128,0.073
639,10-DAPI-1-40x-402ms.tif,NBL,0.0531,0.0531,78.7771,0.9121,4.1799,0.0484
640,10-DAPI-1-40x-402ms.tif,NBL,0.0509,0.0509,68.774,1.1343,3.4999,0.0577
641,10-DAPI-1-40x-402ms.tif,NBL,0.0562,0.0562,92.9788,0.7471,5.226,0.042
642,10-DAPI-1-40x-402ms.tif,NBL,0.0709,0.0709,41.9403,1.2711,2.9717,0.0901
643,10-DAPI-1-40x-402ms.tif,NBL,0.2176,0.2176,33.7047,0.7486,7.3327,0.1629
644,10-DAPI-1-40x-402ms.tif,NBL,0.0804,0.0804,112.0648,0.7314,9.0104,0.0588
645,10-DAPI-1-40x-402ms.tif,NBL,0.2484,0.2484,29.3923,0.3788,7.3002,0.0941
646,10-DAPI-1-40x-402ms.tif,NBL,0.0897,0.0897,77.2394,0.8174,6.9311,0.0734
647,10-DAPI-1-40x-402ms.tif,NBL,0.0863,0.0863,76.4767,1.0403,6.5971,0.0897
648,10-DAPI-1-40x-402ms.tif,NBL,0.0663,0.0663,84.6956,0.8953,5.6151,0.0594
649,10-DAPI-1-40x-402ms.tif,NBL,0.0703,0.0703,57.892,0.9583,4.0705,0.0674
650,10-DAPI-1-40x-402ms.tif,NBL,0.0742,0.0742,71.0833,0.8304,5.2757,0.0616
651,10-DAPI-1-40x-402ms.tif,NBL,0.0356,0.0356,64.9878,1.0945,2.3129,0.039
652,10-DAPI-1-40x-402ms.tif,NBL,0.0255,0.0255,74.5319,4.617,1.9005,0.1177
653,10-DAPI-1-40x-402ms.tif,NBL,0.0174,0.0174,51.2062,6.975,0.889,0.1211
